OBJECTID,PUD_NAME,PUD_WEB_URL,PUD_CHANGE_NARRATIVE,PUD_ZONING,PUD_STATUS,PUD_CASE_NUMBER,SHAPEAREA,SHAPELEN,GLOBALID,WARD
64148,Matthews Memorial,https://app.dcoz.dc.gov/Content/Search/ViewCaseReport.aspx?case_id=08-25,"Official Digital Zoning Map of July 1, 2010",C-2-A,Final,08-25,0,0,{50D62628-9A5B-4EFF-9851-1683799AC6DC},Ward 8
64149,Sheridan Redevelopment LLC & DCHA,https://app.dcoz.dc.gov/Content/Search/ViewCaseReport.aspx?case_id=07-35C,Modification 9/10/12,"R-5-B, C-2-A",Final,07-35C,0,0,{258EEC8C-B25E-4963-9F58-03881A4D8395},Ward 8
64150,Alpine Associates,https://app.dcoz.dc.gov/Content/Search/ViewCaseReport.aspx?case_id=88-9,"Official Digital Zoning Map of July 1, 2010",HR/C-3-C,Final,88-9,0,0,{6B38E561-708E-46C3-99F3-F6BBDBF57989},Ward 2
64151,Parcel Seven Associates LLC ,https://app.dcoz.dc.gov/Content/Search/ViewCaseReport.aspx?case_id=10-03B,ZC Case  10-03B,None,Final,10-03B,0,0,{9276AF68-156B-4A15-AE0B-34C4E7F751E7},Ward 6
64152,Stanton-Eastbanc LLC,https://app.dcoz.dc.gov/Content/Search/ViewCaseReport.aspx?case_id=11-24,Case # 11-24,C-2-B,Final,11-24,0,0,{CA3B26B3-34B7-4F6E-9D53-6125633DD0F6},Ward 6
64153,Salvation Army,https://app.dcoz.dc.gov/Content/Search/ViewCaseReport.aspx?case_id=92-16,"Official Digital Zoning Map of July 1, 2010",C-3-A,Final,92-16,0,0,{3F55487B-5830-4674-8040-25775309F506},Ward 5
64154,Jemals Babes,https://app.dcoz.dc.gov/Content/Search/ViewCaseReport.aspx?case_id=10-23,Case # 10-23,C-3-A,Final,10-23,0,0,{1A8ECCD9-EB25-431D-A032-7A8DE46F12A3},Ward 3
64155,Capper/Carrollsburg Venture,https://app.dcoz.dc.gov/Content/Search/ViewCaseReport.aspx?case_id=03-12X/03-13X,"Official Digital Zoning Map of July 1, 2010",CR,Final,03-12X/03-13X,0,0,{38C31006-B274-42AC-8052-CB31C135895F},Ward 6
64156,GWU - Foggy Bottom Campus,https://app.dcoz.dc.gov/Content/Search/ViewCaseReport.aspx?case_id=06-11,"Official Digital Zoning Map of July 1, 2010","R-5-D, R-5-E, SP-2, C-3-C, C-4",Final,06-11,0,0,{6914D065-E265-49D6-B0A3-4101BEF6713A},Ward 2
64176,J River 1401 Pennsylvania Ave LLC,https://app.dcoz.dc.gov/Content/Search/ViewCaseReport.aspx?case_id=15-12,DC Register 4/28/16,C-2-B,Final,15-12,0,0,{86CBA105-2F71-421E-B3BE-2706F725CC67},Ward 6
64177,District of Columbia Water and Sewer Authority,https://app.dcoz.dc.gov/Content/Search/ViewCaseReport.aspx?case_id=15-14,Setdown 7/27/15,CG/CR,Final,15-14,0,0,{375B663D-F8A2-48D4-83FB-0CCAEB76F8A2},Ward 6
64178,Level 2 Development,https://app.dcoz.dc.gov/Content/Search/ViewCaseReport.aspx?case_id=15-01A,"Approved DC Register 8/21/15, 4/14/2017",C-3-C,Final,15-01A,0,0,{045C64F5-29C3-4117-A93B-0E24645F5F44},Ward 5
64179,"TBSC Owner I, LLC",https://app.dcoz.dc.gov/Content/Search/ViewCaseReport.aspx?case_id=15-20B,"DC Register 6/17/16, Time Extension 6/30/17, Modification 9/14/2018",C-3-C,Final,15-20B,0,0,{B53992E9-E9EC-455F-BB98-C7E4730BE0A0},Ward 6
64180,Watkins Alley LLC,https://app.dcoz.dc.gov/Content/Search/ViewCaseReport.aspx?case_id=15-13,"Setdown case 11/9/15, Approved DC Register 10/21",R-5-B,Final,15-13,0,0,{386FC338-FFD6-4752-8BB4-3E0BB34C3628},Ward 6
64181,JBG/Boundary 1500 Hary Thomas LLC & JBG/Boundary Eckington Place LLC,https://app.dcoz.dc.gov/Content/Search/ViewCaseReport.aspx?case_id=15-15A,"Setdown 11/23/15, DC Register 1/23/17, 1/18/19",CR,Final,15-15A,0,0,{E220A180-DD24-4B8B-8738-00ACE13799D4},Ward 5
64182,301 FL Manager LLC,https://app.dcoz.dc.gov/Content/Search/ViewCaseReport.aspx?case_id=15-22,Setdown 11/23/15,C-3-C,Final,15-22,0,0,{E1CEE404-9F6B-435E-8D36-0F62D3BD20CD},Ward 6
64157,St. Elizabeths Hospital,https://app.dcoz.dc.gov/Content/Search/ViewCaseReport.aspx?case_id=04-08B,Case No. 04-08,SP-1,Final,04-08B,0,0,{0F37B932-7B71-4B9D-A3A1-E2273425FD8C},Ward 8
64158,USL WDC H Street LLC & H Street Self Storage LLC,https://app.dcoz.dc.gov/Content/Search/ViewCaseReport.aspx?case_id=12-18B,"Official Digital Zoning Map of July 1, 2010","R-5-B, HS-H/C-2-B",Final,12-18B,0,0,{4EB74035-D843-454C-87B5-C153158BBE9E},Ward 6
64159,Jemals Up Against the Wall,https://app.dcoz.dc.gov/Content/Search/ViewCaseReport.aspx?case_id=07-18F,"Official Digital Zoning Map of July 1, 2010. Z.C. Order 07-18 approved and finalized on 8/23/13.  ",None,Final,07-18F,0,0,{DA0C3D48-8DA6-4A41-839E-E9FD3994797B},Ward 2
64160,Four Points LLC,https://app.dcoz.dc.gov/Content/Search/ViewCaseReport.aspx?case_id=08-07,"Case no. 08-07, Order no. 08-07 Approved 9/9/13",C-3-A,Final,08-07,0,0,{67EC2733-7566-459B-8507-B69B72DF4978},Ward 8
64162,Capitol Gateway Marketplace,https://app.dcoz.dc.gov/Content/Search/ViewCaseReport.aspx?case_id=12-16,"Case # 12-16, Approved 9/30/13",C-2-A,Final,12-16,0,0,{71D7E4ED-C5AF-458B-B269-42717530BCAE},Ward 7
64163,K Street Developers LLC,https://app.dcoz.dc.gov/Content/Search/ViewCaseReport.aspx?case_id=05-36G,Case # 05-36G 11/18/13,C-3-C,Final,05-36G,0,0,{70AF1D7A-A91E-4EA7-A89D-E2DF92E4EE4A},Ward 6
64164,"Skyland Holdings, LLC",https://app.dcoz.dc.gov/Content/Search/ViewCaseReport.aspx?case_id=09-03E,"Zoning Case No. 09-03B Approved 12/9/13, Time Extension DC Register 12/16/16, Modification of Consequence 6/30/17",C-3-A,Final,09-03E,0,0,{2A94125E-C88F-4D09-94D6-E1B2653BF04F},Ward 7
64165,Forest City Washington,https://app.dcoz.dc.gov/Content/Search/ViewCaseReport.aspx?case_id=13-05C,Case No. 13-05,"CG/CR, CG/W-1",Final,13-05C,0,0,{646F545A-3231-48F8-A1BD-FD9B181CFF95},Ward 6
64166,O Street Roadside LLC,https://app.dcoz.dc.gov/Content/Search/ViewCaseReport.aspx?case_id=07-26F,"Official Digital Zoning Map of July 1, 2010. ZC Case # 07-26E, 8/30/2013.",C-3-C,Final,07-26F,0,0,{5078322B-688B-43CF-BBE7-0200E215D501},Ward 6
64161,GWU - Site 77A,https://app.dcoz.dc.gov/Content/Search/ViewCaseReport.aspx?case_id=06-11J/06-12J,"Case 06-11J/06-12J, Approved July 25 2013",C-3-C,Final,06-11J/06-12J,0,0,{6D1E3ADD-8AEE-4CA3-8E98-31AA4891571C},Ward 2
64167,1437-1451 Belmont Street N.W.,https://app.dcoz.dc.gov/Content/Search/ViewCaseReport.aspx?case_id=03-04,"Official Digital Zoning Map of July 1, 2010",None,Final,03-04,0,0,{600E9848-D1E5-4766-AD6A-58B825F174E8},Ward 1
64168,2126 Wyoming Avenue NW,https://app.dcoz.dc.gov/Content/Search/ViewCaseReport.aspx?case_id=03-24,"Official Digital Zoning Map of July 1, 2010",R-5-D,Final,03-24,0,0,{510CB2D2-8A45-493E-A9E4-336AF5A3FE88},Ward 2
64169,Abdo Development LLC,https://app.dcoz.dc.gov/Content/Search/ViewCaseReport.aspx?case_id=04-22A,"Official Digital Zoning Map of July 1, 2010",C-3-C,Final,04-22A,0,0,{CB7B4B27-F9E6-4F9F-BC4D-49189D33CFE7},Ward 6
64170,2300 Pennsylvania Avenue LLC,https://app.dcoz.dc.gov/Content/Search/ViewCaseReport.aspx?case_id=07-16,"Official Digital Zoning Map of July 1, 2010",None,Final,07-16,0,0,{6CEE64D0-E5BF-48D0-84B5-820361BA8729},Ward 7
64171,1210C R St LLC,https://app.dcoz.dc.gov/Content/Search/ViewCaseReport.aspx?case_id=04-13C,Setdown as Modification of Significance 09-17-18,R-5-B,Pending,04-13C,0,0,{36FD7B94-4AF8-4FFD-BF3B-4AF5D4E58EA6},Ward 2
64172,Petworth Holdings LLC,https://app.dcoz.dc.gov/Content/Search/ViewCaseReport.aspx?case_id=06-02A,"Official Digital Zoning Map of July 1, 2010",C-3-A,Final,06-02A,0,0,{25229D27-53D5-4654-8125-2FF463FE4BF6},Ward 4
64173,1000 Connecticut Avenue N.W.,https://app.dcoz.dc.gov/Content/Search/ViewCaseReport.aspx?case_id=06-13,"Official Digital Zoning Map of July 1, 2010",None,Final,06-13,0,0,{219FF908-526A-4764-9764-F2BEEE76612B},Ward 2
64174,MRP Realty LLC,https://app.dcoz.dc.gov/Content/Search/ViewCaseReport.aspx?case_id=06-14F,"Official Digital Zoning Map of July 1, 2010",None,Final,06-14F,0,0,{FE97CD44-B8E3-4CFB-83F1-FC15301FD55A},Ward 5
64175,"Washington Value Added I, LLC",https://app.dcoz.dc.gov/Content/Search/ViewCaseReport.aspx?case_id=06-29C,"Time Extension of PUD Lapsed, Expired in 2016",None,Expired,06-29C,0,0,{0EFEEB94-F876-459C-8470-149D991CA7B6},Ward 2
64108,EastBanc-W.D.C. Partners LLC,https://app.dcoz.dc.gov/Content/Search/ViewCaseReport.aspx?case_id=11-12,Case # 11-12,CR,Final,11-12,0,0,{CF2D2B32-BD01-4270-B5D7-DB3A2DAF9AD2},Ward 2
64109,National Academy of Sciences - Wisconsin Ave,https://app.dcoz.dc.gov/Content/Search/ViewCaseReport.aspx?case_id=86-4,"Official Digital Zoning Map of July 1, 2010",C-2-A,Final,86-4,0,0,{4CC90A9A-2AD7-4CD0-8EBD-597BEB196923},Ward 2
64110,TC/CSG St. Matthews LLC,https://app.dcoz.dc.gov/Content/Search/ViewCaseReport.aspx?case_id=11-13A,"Case # 11-13, Approved July 6th 2012",CR,Final,11-13A,0,0,{DCAFCC95-D74C-4B29-AE73-CAE11F1BA7DF},Ward 6
64111,Morris & Gwendolyn Cafritz Foundation,https://app.dcoz.dc.gov/Content/Search/ViewCaseReport.aspx?case_id=06-10C,Minor PUD Modification 9/5/14,"C-2-B, FT/C-2-B",Final,06-10C,0,0,{9A5C6849-A93C-4B59-881A-12C2FB21A584},Ward 5
64112,"Karajoel, LLC",https://app.dcoz.dc.gov/Content/Search/ViewCaseReport.aspx?case_id=05-30C,"Official Digital Zoning Map of July 1, 2010",R-5-A,Final,05-30C,0,0,{59AF9E8D-8DF5-4610-8D5F-3AE53856533E},Ward 4
64113,The Kennedy-Warren,https://app.dcoz.dc.gov/Content/Search/ViewCaseReport.aspx?case_id=96-7,"Official Digital Zoning Map of July 1, 2010",R-5-E,Final,96-7,0,0,{7C3763FE-6DD0-4820-9A95-0C771247D0D4},Ward 3
64114,Florida Rock Properties Inc.,https://app.dcoz.dc.gov/Content/Search/ViewCaseReport.aspx?case_id=04-14E,Second Stage PUD 09/26/16,C-3-C,Final,04-14E,0,0,{2D835DFF-5227-45FA-A886-07E413BC7261},Ward 6
64115,Brookland Artspace Lofts LLC,https://app.dcoz.dc.gov/Content/Search/ViewCaseReport.aspx?case_id=09-08A,"Official Digital Zoning Map of July 1, 2010",C-2-B,Final,09-08A,0,0,{8D6055F7-C798-4016-A347-286C56CB9CDE},Ward 5
64116,Adams Morgan Church Hotel LLC,https://app.dcoz.dc.gov/Content/Search/ViewCaseReport.aspx?case_id=11-17,Case # 11-17,C-2-B,Final,11-17,0,0,{C3F0778A-FFB2-4C97-A9B3-72382C0EFE2C},Ward 1
64117,4805 Van Ness Street N.W. - Dixon,https://app.dcoz.dc.gov/Content/Search/ViewCaseReport.aspx?case_id=94-16,"Official Digital Zoning Map of July 1, 2010",R-4,Final,94-16,0,0,{113E4AF2-F882-4910-8E68-01BD24A45D53},Ward 3
64118,1331 L Street N.W.,https://app.dcoz.dc.gov/Content/Search/ViewCaseReport.aspx?case_id=94-1,"Official Digital Zoning Map of July 1, 2010",C-4,Final,94-1,0,0,{9FB1720E-4892-4999-B544-7A51A8AF70E2},Ward 2
64119,1301 L Street N.W.,https://app.dcoz.dc.gov/Content/Search/ViewCaseReport.aspx?case_id=96-6,"Official Digital Zoning Map of July 1, 2010",C-4,Final,96-6,0,0,{EBE948A9-4F7B-4A8F-8E43-7F7F5E4E1281},Ward 2
64120,3910 Georgia Ave. Associates et al.,https://app.dcoz.dc.gov/Content/Search/ViewCaseReport.aspx?case_id=08-08A,Minor Modification 2/28/2011,C-3-A,Final,08-08A,0,0,{A8272F77-6E49-41B5-8B99-2A7A811D9DCE},Ward 4
64121,14th & V Streets N.W.,https://app.dcoz.dc.gov/Content/Search/ViewCaseReport.aspx?case_id=03-26,"Official Digital Zoning Map of July 1, 2010",None,Final,03-26,0,0,{7FF45E2A-DC80-43FA-969A-74F638EBD140},Ward 1
64122,St. Lukes Condominiums LLC,https://app.dcoz.dc.gov/Content/Search/ViewCaseReport.aspx?case_id=02-50A,"Official Digital Zoning Map of July 1, 2010",NO/R-1-B,Final,02-50A,0,0,{0F884E9B-C730-47EE-8334-6A06078A7AFB},Ward 3
64126,Chesapeake Apartments,https://app.dcoz.dc.gov/Content/Search/ViewCaseReport.aspx?case_id=86-33,"Official Digital Zoning Map of July 1, 2010",None,Final,86-33,0,0,{CCA63A98-C551-4B4B-81DD-E7A4E4ACD005},Ward 3
64127,Judiciary Center LP,https://app.dcoz.dc.gov/Content/Search/ViewCaseReport.aspx?case_id=81-21,"Official Digital Zoning Map of July 1, 2010",C-3-C,Final,81-21,0,0,{9551370E-B31F-4F5A-98FE-2EEE788A0A4F},Ward 2
64128,Broadcast Center Partners LLC,https://app.dcoz.dc.gov/Content/Search/ViewCaseReport.aspx?case_id=07-07C,"Official Digital Zoning Map of July 1, 2010",ARTS/C-2-C,Final,07-07C,0,0,{29BA8352-E365-47FB-B3A2-F77A5E29CF49},Ward 1
64123,5333 Wisconsin Avenue NW,https://app.dcoz.dc.gov/Content/Search/ViewCaseReport.aspx?case_id=96-13,"Official Digital Zoning Map of July 1, 2010","R-5-C, C-3-B",Final,96-13,0,0,{46FB7FCC-C68D-4E2C-8969-A59D95111B0F},Ward 3
64124,Hillandale Homeowners Association,https://app.dcoz.dc.gov/Content/Search/ViewCaseReport.aspx?case_id=85-10B,"Official Digital Zoning Map of July 1, 2010",R-1-B,Final,85-10B,0,0,{9ADD7FA9-78C4-417C-AC0C-10C28D368665},Ward 3
64125,World Wildlife Fund Inc.,https://app.dcoz.dc.gov/Content/Search/ViewCaseReport.aspx?case_id=84-19A,"Official Digital Zoning Map of July 1, 2010",None,Final,84-19A,0,0,{5E87802A-3E62-4A86-98E8-B64EBFEDEBED},Ward 2
64129,Fort Lincoln/Gateway Village LLC,https://app.dcoz.dc.gov/Content/Search/ViewCaseReport.aspx?case_id=06-08D,"Official Digital Zoning Map of July 1, 2010",None,Final,06-08D,0,0,{AE59A603-8D03-47B9-A7D6-5A37515AB3DE},Ward 5
64130,3321 Georgia LLC,https://app.dcoz.dc.gov/Content/Search/ViewCaseReport.aspx?case_id=10-26A,Order 10-26 Approved 04/11/2011,GA/C-2-B,Final,10-26A,0,0,{C061903A-1313-4BC6-8E15-571B0294354C},Ward 1
64131,Hazle II LLC,https://app.dcoz.dc.gov/Content/Search/ViewCaseReport.aspx?case_id=10-29,Case # 10-29,R-5-B,Withdrawn,10-29,0,0,{E0F269A4-18C3-4A10-A795-218078BADF24},Ward 8
64132,Duball Petworth LLC,https://app.dcoz.dc.gov/Content/Search/ViewCaseReport.aspx?case_id=11-09,Final Order entered 2/2/2012,GA/C-3-A,Final,11-09,0,0,{9E9EF503-A242-4A73-8B9E-016F34BCF4F6},Ward 4
64133,MCREF Embassy LLC,https://app.dcoz.dc.gov/Content/Search/ViewCaseReport.aspx?case_id=11-08C,"Case # 11-08, order final 3/9/2012, PUD Extention October 17,2014, DC Register 8/3/18",R-5-D,Final,11-08C,0,0,{D6F0CDF2-06C7-4B07-925A-267BD96C41F6},Ward 1
64134,B&B 50 Florida Avenue LLC,https://app.dcoz.dc.gov/Content/Search/ViewCaseReport.aspx?case_id=12-02A,Case # 12-02,C-3-B,Final,12-02A,0,0,{0BDE7797-C5E7-4353-8033-BD29C005DC76},Ward 5
64135,Anacostia Gateway Government Center,https://app.dcoz.dc.gov/Content/Search/ViewCaseReport.aspx?case_id=05-03A,"Official Digital Zoning Map of July 1, 2010",C-3-A,Final,05-03A,0,0,{BE221E77-C772-42FD-BF17-E6C8F6137A41},Ward 8
64139,"WASHREIT Watergate 600 OP, LP",https://app.dcoz.dc.gov/Content/Search/ViewCaseReport.aspx?case_id=62-19B,"Official Digital Zoning Map of July 1, 2010",SP-2,Final,62-19B,0,0,{A25D1ED1-3A92-456A-80F8-E0FB78316E59},Ward 2
64136,"Cathedral Commons Partners, LLC",https://app.dcoz.dc.gov/Content/Search/ViewCaseReport.aspx?case_id=08-15A,Modification 9/26/16,C-2-A,Final,08-15A,0,0,{CBE9203F-D56A-4A05-A719-DF2B1A81BFBB},Ward 3
64137,Station Place,https://app.dcoz.dc.gov/Content/Search/ViewCaseReport.aspx?case_id=03-31,"Official Digital Zoning Map of July 1, 2010",C-3-C,Final,03-31,0,0,{AC3092FD-C99B-49D8-A606-E78829EACF40},Ward 6
64138,The Nannie Helen at 4800,https://app.dcoz.dc.gov/Content/Search/ViewCaseReport.aspx?case_id=10-11,"PUD Approved Sept. 23, 2010",C-2-A,Final,10-11,0,0,{9B4EDEF0-A4F1-41A1-88F8-A32E92DCD685},Ward 7
64140,4L Associates Joint Venture,https://app.dcoz.dc.gov/Content/Search/ViewCaseReport.aspx?case_id=80-17,"Official Digital Zoning Map of July 1, 2010",R-5-A,Final,80-17,0,0,{F6ECDB5B-3E9F-4A99-96E8-909464D7FCCF},Ward 5
64141,Bozutto Group,https://app.dcoz.dc.gov/Content/Search/ViewCaseReport.aspx?case_id=08-24C/04-25,PUD Modification July 2018,"C-2-B, R-5-B",Final,08-24C/04-25,0,0,{0A3A3FF3-E491-420F-8720-FE566DA811E9},Ward 5
64142,National Academy of Sciences - Fifth Street,https://app.dcoz.dc.gov/Content/Search/ViewCaseReport.aspx?case_id=01-34,"Official Digital Zoning Map of July 1, 2010",C-3-C,Final,01-34,0,0,{83E55AE8-4A20-4587-8AFA-48853EF1041A},Ward 2
64143,Baywood Hotels,https://app.dcoz.dc.gov/Content/Search/ViewCaseReport.aspx?case_id=11-25,Case # 11-25,C-3-C,Final,11-25,0,0,{05675A38-33B7-437B-9D42-7187DAEA22F9},Ward 5
64144,3rd & M and Park Inn Associates LP,https://app.dcoz.dc.gov/Content/Search/ViewCaseReport.aspx?case_id=12-14,"Official Digital Zoning Map of July 1, 2010, Approved 3/14/14",R-5-D,Final,12-14,0,0,{DAFF8954-FF45-44CD-9C3B-C04473512D46},Ward 6
64145,Lowell School,https://app.dcoz.dc.gov/Content/Search/ViewCaseReport.aspx?case_id=97-16D,"Official Digital Zoning Map of July 1, 2010, DC Register 5/26/2017",R-1-A,Final,97-16D,0,0,{1E1C929C-FB2D-402D-B53D-CBFBF8F619FB},Ward 4
64146,Prospect Joint Venture,https://app.dcoz.dc.gov/Content/Search/ViewCaseReport.aspx?case_id=85-8,"Official Digital Zoning Map of July 1, 2010",R-5-A,Final,85-8,0,0,{AA0D3940-F7B0-4CFB-BB8D-6268F8261A48},Ward 3
64147,Unified Communications Center,https://app.dcoz.dc.gov/Content/Search/ViewCaseReport.aspx?case_id=01-36,"Official Digital Zoning Map of July 1, 2010",C-2-B,Final,01-36,0,0,{ED9F2B04-084A-4251-97AE-E9236BF25473},Ward 8
64183,Kenilworth Revitalization LLC & DCHA,https://app.dcoz.dc.gov/Content/Search/ViewCaseReport.aspx?case_id=15-21,"Setdown 12/15/15, DC Register 1/23/17","R-5-B, C-2-A",Final,15-21,0,0,{DCE73623-F77A-4580-A8D2-A0C26EC83825},Ward 7
64184,411 New York Ave Holdings LLC,https://app.dcoz.dc.gov/Content/Search/ViewCaseReport.aspx?case_id=15-19,"Setdown 11/23/15, DC Register 12/23/16",C-3-C,Final,15-19,0,0,{1374F28A-00F0-4C95-8BF9-DCD7C0CD4585},Ward 5
64185,Gallaudet University & The JBG Companies,https://app.dcoz.dc.gov/Content/Search/ViewCaseReport.aspx?case_id=15-24,Setdown 2/8/16,"C-3-A, C-3-C",Final,15-24,0,0,{D7FD2B4E-2A7A-463A-B6F6-959712F85AAE},Ward 5
64262,Stanton Square LLC,https://app.dcoz.dc.gov/Content/Search/ViewCaseReport.aspx?case_id=13-09B,"Setdown 7/27/15, Approved 4/11/16, DC Register 2/2/18","R-5-A, SP-1",Final,13-09B,0,0,{22A1BE99-FD21-48EA-B21D-73E99A8C8826},Ward 8
64263,P.N. Hoffman Inc & Riverside Baptist Church,https://app.dcoz.dc.gov/Content/Search/ViewCaseReport.aspx?case_id=15-05,DC Register 3/18/16,C-3-A,Final,15-05,0,0,{5AC4625B-8A50-4F0B-9701-4AE4B9585A8B},Ward 6
64264,Parkside Residential LLC,https://app.dcoz.dc.gov/Content/Search/ViewCaseReport.aspx?case_id=05-28P,Second Stage PUD,"C-3-A, CR",Final,05-28P,0,0,{16EF192B-0B46-40A6-8553-449BC8A3AE2E},Ward 7
64266,Parkside Residential LLC,https://app.dcoz.dc.gov/Content/Search/ViewCaseReport.aspx?case_id=05-28P,PUD Modification,"C-3-A, CR",Final,05-28N,0,0,{68A5085A-326B-4405-B676-A14744F10806},Ward 7
64267,"Lano Parcel 12, LLC & Parkside Residential, LLC",https://app.dcoz.dc.gov/Content/Search/ViewCaseReport.aspx?case_id=05-280,Time Extension,"C-3-A, CR",Final,05-28O,0,0,{C067F453-8599-4F63-82D2-F196BC2EC3A2},Ward 7
64268,DC Primary Care Association,https://app.dcoz.dc.gov/Content/Search/ViewCaseReport.aspx?case_id=05-28I,PUD Modification,"C-3-A, CR",Final,05-28I,0,0,{2B948275-FDD2-4987-8D88-BECD40B089E6},Ward 7
64265,Parkside Residential LLC,https://app.dcoz.dc.gov/Content/Search/ViewCaseReport.aspx?case_id=05-28A,Second Stage PUD,"C-3-A, CR",Final,05-28A,0,0,{6E6ACA69-1383-4841-9B96-163593AF0B15},Ward 7
64269,SCCI Parkside One LLC,https://app.dcoz.dc.gov/Content/Search/ViewCaseReport.aspx?case_id=05-28T,Second Stage PUD,"C-3-A, CR",Final,05-28T,0,0,{80553D27-A723-4F8D-8F68-9793133BD3CF},Ward 7
64270,3840 S Capitol LLC and 3848 S Capitol LLC,https://app.dcoz.dc.gov/Content/Search/ViewCaseReport.aspx?case_id=18-14,Setdown 10/22/18,RA-2,Pending,18-14,0,0,{9ADA72D0-2F1B-49E5-AE88-B95F154B64CF},Ward 8
64271,Hanover R.S. Limited Partnership,https://app.dcoz.dc.gov/Content/Search/ViewCaseReport.aspx?case_id=18-21,Setdown 12/17/18,MU-4,Pending,18-21,0,0,{FB5278DA-5567-49C4-A95F-28F793A7F9EF},Ward 5
64272,"Wesley Hawaii, LLC",https://app.dcoz.dc.gov/Content/Search/ViewCaseReport.aspx?case_id=19-01,Setdown 3/25/19,RA-2,Pending,19-01,0,0,{64F7CA1B-EE45-4FF8-BBEF-870D5FBAE385},Ward 5
64273,"300 Morse CPK Owner, LLC, 350 Morse CPK Owner C2, LLC, 350 Morse CPK Owner, LLC, Grosvenor USA Limited & Carr Properties OS, LLC",https://app.dcoz.dc.gov/Content/Search/ViewCaseReport.aspx?case_id=15-27A,DC Register Setdown 4/08/2019,C-3-C,Pending,15-27A,0,0,{2154E7C0-CA40-40ED-A99D-F2511ADCA9F7},Ward 5
64274,Valor Development LLC,https://app.dcoz.dc.gov/Content/Search/ViewCaseReport.aspx?case_id=19-10,"Setdown June 10, 2019",None,Pending,19-10,0,0,{03986F6C-A973-4F91-917B-6A0A16639150},Ward 3
64275,Hillandale Mansion,https://app.dcoz.dc.gov/Content/Search/ViewCaseReport.aspx?case_id=89-10,ZC Case #89-10,R-4,Final,89-10,0,0,{BBA500C4-85BB-41AE-9CB6-D0A0E224EAD3},Ward 2
64276,Mid-City Financial Corporation,https://app.dcoz.dc.gov/Content/Search/ViewCaseReport.aspx?case_id=14-18A,DC Register 4/13/18,RA-1,Final,14-18A,0,0,{962A6849-BF6F-4841-B22F-C1A701E4E228},Ward 5
64277,"Four Points, LLC",https://app.dcoz.dc.gov/Content/Search/ViewCaseReport.aspx?case_id=08-07C,DC Register 11/9/18 (second stage PUD),C-3-A,Final,08-07C,0,0,{AEAF5A59-DB7A-4A4A-9444-C83C03915D4D},Ward 8
64186,"Providence Place I, LP",https://app.dcoz.dc.gov/Content/Search/ViewCaseReport.aspx?case_id=17-08,Setdown 6/12/17,RA-2,Final,17-08,0,0,{9498D095-1D67-44F0-A65C-0695B7660280},Ward 7
64187,George Washington University & Boston Properties,https://app.dcoz.dc.gov/Content/Search/ViewCaseReport.aspx?case_id=06-12O,"Setdown 6/25/17, DC Register 7/27/18",MU-30,Final,06-11O/06-12O,0,0,{7CEAFB32-9FF0-429E-BA33-F46D0BDA8DE5},Ward 2
64188,The Warrenton Group,https://app.dcoz.dc.gov/Content/Search/ViewCaseReport.aspx?case_id=06-12O,Setdown 6/25/17,MU-5A,Final,17-10,0,0,{0E76F7D7-F688-4095-8196-8047E171A7A2},Ward 7
64189,EAJ 400 Florida Avenue LLC,https://app.dcoz.dc.gov/Content/Search/ViewCaseReport.aspx?case_id=16-10,DC Register 5/5/17,C-3-C,Final,16-10,0,0,{A7C3FCEC-7900-49BE-992C-C1731F70FAF0},Ward 5
64190,KF Morse LLC,https://app.dcoz.dc.gov/Content/Search/ViewCaseReport.aspx?case_id=15-27,"Application 10/16/15, Approved DC Regsiter 7/21/17",C-3-C,Final,15-27,0,0,{FB35DDFE-C52C-4FA5-AA07-10EFCCCF556A},Ward 5
64191,Capital Vista Community PArtners & District of Columbia,https://app.dcoz.dc.gov/Content/Search/ViewCaseReport.aspx?case_id=17-06,Setdown 5/22/17,D-4-R,Final,17-06,0,0,{9CB79089-DD2C-4195-99C7-D5DA44C89857},Ward 6
64192,"GG Union LP, 1250 4th St LLC & 4th st NE LLC",https://app.dcoz.dc.gov/Content/Search/ViewCaseReport.aspx?case_id=14-07B,"Setdown 1/30/2017, DC Register 12/22/17",C-3-C,Final,14-07B,0,0,{6B41C7C6-B8DB-4CA7-A270-84807DE85F67},Ward 5
64193,"Wharf Phase 3 REIT Leaseholder, LLC",https://app.dcoz.dc.gov/Content/Search/ViewCaseReport.aspx?case_id=11-03J,Setdown 7/24/17,"C-3-C, R-5-B, W-1",Final,11-03J,0,0,{73F3CC19-3DB6-4DB4-BB09-5732879D168F},Ward 6
64194,"FP Eckington Holdings, LLC",https://app.dcoz.dc.gov/Content/Search/ViewCaseReport.aspx?case_id=17-09,Setdown 7/24/17,MU-5A,Final,17-09,0,0,{4CA116A3-9190-4FC5-AD21-3E3E1FCFF748},Ward 5
64195,The Warrenton Group & NHP Foundation,https://app.dcoz.dc.gov/Content/Search/ViewCaseReport.aspx?case_id=17-19,"Setdown 12/11/17, DC Register 7/6/18",MU-4,Final,17-19,0,0,{176EFE6A-7B6F-4B2F-A193-631F180A71BB},Ward 7
64196,"As You Like It, LLC",https://app.dcoz.dc.gov/Content/Search/ViewCaseReport.aspx?case_id=17-21,Setdown 2/26/18,MU-4,Pending,17-21,0,0,{53E52646-8429-4D0D-A773-4ADEF0D8B17A},Ward 6
64197,UM 500 Penn Street NE LLC & UDR Inc,https://app.dcoz.dc.gov/Content/Search/ViewCaseReport.aspx?case_id=17-14,"Setdown 2/26/17, DC Register 11/2/18",MU-9,Final,17-14,0,0,{F2D4E64A-DD58-45EC-8DBE-E7FA4E28E28D},Ward 5
64198,Jewish Historical Society of Greater Washington,https://app.dcoz.dc.gov/Content/Search/ViewCaseReport.aspx?case_id=08-34H,Setdown 2/26/28,C-4,Pending,08-34H,0,0,{39C52ACF-F020-42C6-93DE-0D17DB5DF5EB},Ward 2
64199,WMATA Operations Control Center Building,https://app.dcoz.dc.gov/Content/Search/ViewCaseReport.aspx?case_id=70-28,12/15/1971,SP-2,"Extinguished, DC Register 5/31/19",70-28,0,0,{0D1BF48D-2173-40C4-806F-70838D7E3EE9},Ward 2
64200,Colony House,https://app.dcoz.dc.gov/Content/Search/ViewCaseReport.aspx?case_id=93-7,"Official Digital Zoning Map of July 1, 2010",None,Final,93-7,0,0,{D77F7557-5FCA-457C-9572-D774FD990A37},Ward 4
64201,Dancing Crab Properties LLC,https://app.dcoz.dc.gov/Content/Search/ViewCaseReport.aspx?case_id=18-03,Setdown 6/11/18,MU-5B,Final,18-03,0,0,{37C12819-BE9E-4491-9DCF-7F4A30E36B3A},Ward 3
64202,"WFS2, LLC & District of Columbia",https://app.dcoz.dc.gov/Content/Search/ViewCaseReport.aspx?case_id=02-38J,"Setdown 7/30/18, DC Register 8/16/2019",C-3-C,Final,02-38J,0,0,{5F2386A4-C1AB-4B7F-BD47-786184A183D0},Ward 6
64203,"	D.C. Wheel Productions, Inc. dba Dance Place",https://app.dcoz.dc.gov/Content/Search/ViewCaseReport.aspx?case_id=09-08B,Second Stage PUD,C-2-B,Final,09-08B,0,0,{FB2AF398-4025-4DE2-9DBA-AF424378D793},Ward 5
64204,"Capitol Crossing I, LLC",https://app.dcoz.dc.gov/Content/Search/ViewCaseReport.aspx?case_id=08-34G,PUD Minor Modification,C-4,Final,08-34G,0,0,{9BAB2C3C-0473-4D4E-BEC8-C7039906880D},Ward 2
64205,"Capitol Crossing V, LLC",https://app.dcoz.dc.gov/Content/Search/ViewCaseReport.aspx?case_id=08-34F,PUD Modification,C-4,Final,08-34F,0,0,{7120EFDD-5C83-4BB1-97BC-E296AEC3750B},Ward 2
64206,"Four Points, LLC & Curtis Properties",https://app.dcoz.dc.gov/Content/Search/ViewCaseReport.aspx?case_id=08-07D,Second Stage PUD. 3/30/15,C-3-C,Final,08-07D,0,0,{0EB5479A-1921-4D2F-864C-5D6D22C5A9D9},Ward 8
64207,"Lano Parcel 2, LLC etc.",https://app.dcoz.dc.gov/Content/Search/ViewCaseReport.aspx?case_id=05-28L,PUD Time Extension 2013,"C-3-A, CR",Final,05-28L,0,0,{31045A98-6FAD-4709-BCA1-B49AAE91A5C0},Ward 7
64208,Parkside Residential LLC,https://app.dcoz.dc.gov/Content/Search/ViewCaseReport.aspx?case_id=05-28R,Second Stage PUD,"C-3-A, CR",Final,05-28R,0,0,{5ED6221A-A6B4-4CB5-AD04-7344FD42DE42},Ward 7
64209,Parkside Residential LLC,https://app.dcoz.dc.gov/Content/Search/ViewCaseReport.aspx?case_id=05-28J,Second Stage PUD,"C-3-A, CR",Final,05-28J,0,0,{B099A8D0-442B-40FA-ACFD-C11961B257D0},Ward 7
64210,Parkside Residential LLC,https://app.dcoz.dc.gov/Content/Search/ViewCaseReport.aspx?case_id=05-28F,Second Stage PUD,"C-3-A, CR",Final,05-28F,0,0,{24D2F07F-766D-4FE4-BA80-D5AA1F025DA8},Ward 7
64211,Foulger-Pratt Development LLC,https://app.dcoz.dc.gov/Content/Search/ViewCaseReport.aspx?case_id=15-28,"Setdown 2/8/16, DC Register 12/23/16",C-3-C,Final,15-28,0,0,{4B6C537C-3A60-48EE-AE72-2802D0802A4E},Ward 6
64214,Initio LP,https://app.dcoz.dc.gov/Content/Search/ViewCaseReport.aspx?case_id=15-18A,"Setdown 4/11/16, DC Register 2/2/18",W-2,Final,15-18A,0,0,{FE0DDD39-57A7-43F9-A3F7-280A1A209471},Ward 2
64215,777 17th Street LLC,https://app.dcoz.dc.gov/Content/Search/ViewCaseReport.aspx?case_id=15-31,Setdown 4/11/16,C-2-B,Final,15-31,0,0,{0A1ED390-2A4D-4E24-892B-3EAA12F79F7B},Ward 5
64216,1200 3rd Street LLC,https://app.dcoz.dc.gov/Content/Search/ViewCaseReport.aspx?case_id=16-09,"Setdown 6/13/16, Approved DC Register 8/11/17",C-3-C,Final,16-09,0,0,{30D7AFE1-10AE-44F6-ACBA-2742011E5B25},Ward 6
64217,Fifth and Morse L/Cal LLC,https://app.dcoz.dc.gov/Content/Search/ViewCaseReport.aspx?case_id=16-05,"Setdown 6/13/16, DC Register 12/8/17",C-3-C,Final,16-05,0,0,{2935B6F1-4702-412A-B652-BF63FE88AB9A},Ward 5
64218,W-G 9th and O LLC,https://app.dcoz.dc.gov/Content/Search/ViewCaseReport.aspx?case_id=16-07,Setdown 6/13/16,C-2-B,Final,16-07,0,0,{445DD7BB-9F4D-4BD0-97A3-063528F240DB},Ward 6
64219,Sherman Avenue LLC,https://app.dcoz.dc.gov/Content/Search/ViewCaseReport.aspx?case_id=15-34A,DC Register 9/1/17,CR,Final,15-34A,0,0,{A7EEEC3C-17EE-484B-8775-11FE06F7E01B},Ward 1
64212,Insight E Street LLC,https://app.dcoz.dc.gov/Content/Search/ViewCaseReport.aspx?case_id=15-33A,"DC Register 11/18/16, DC Register 12/22/17",R-5-B,Final,15-33A,0,0,{51EC4FB7-6625-4F5C-AA14-216ACA4B2523},Ward 6
64213,DC Stadium LLC,https://app.dcoz.dc.gov/Content/Search/ViewCaseReport.aspx?case_id=16-02,Setdown 3/14/16,None,Final,16-02,0,0,{7172FE20-6A6A-42D6-9A30-FF00CF346FEA},Ward 6
64220,1126 9th St NW LLC,https://app.dcoz.dc.gov/Content/Search/ViewCaseReport.aspx?case_id=15-32,DC Register 11/25/16,DD/C-2-C,Final,15-32B,0,0,{4A06BBF1-AEC3-447E-A086-179FC444A7CF},Ward 2
64221,Park View Community Partners & the District of Columbia,https://app.dcoz.dc.gov/Content/Search/ViewCaseReport.aspx?case_id=16-12,"Setdown 7/25/16, DC Register 5/5/17",R-5-B,Final,16-12,0,0,{5C5C6EDE-749E-41CC-97E5-6CCBDA234C10},Ward 1
64222,JS Congress Holdings LLC,https://app.dcoz.dc.gov/Content/Search/ViewCaseReport.aspx?case_id=16-13B,"Setdown 7/25/16, DC Register 7/13/18",C-2-B,Final,16-13B,0,0,{454FD883-F364-4FF7-936C-81D28F9CDBA4},Ward 6
64223,EYA Development LLC,https://app.dcoz.dc.gov/Content/Search/ViewCaseReport.aspx?case_id=16-17,Setdown 10/17/16,RA-1,Final,16-17,0,0,{C89C1D61-8139-4A41-8F6A-2E8CBCDEDD37},Ward 5
64224,1336 8th St SPE LLC,https://app.dcoz.dc.gov/Content/Search/ViewCaseReport.aspx?case_id=16-24,"Setdown 2/13/17, DC Register 11/10/17",MU-6,Final,16-24,0,0,{5FB68902-9134-4650-9A23-5A9B1FF44924},Ward 6
64225,Poplar Point RBBR LLC,https://app.dcoz.dc.gov/Content/Search/ViewCaseReport.aspx?case_id=16-29,"Setdown 2/27/17, Order DC Register 5/25/18",MU-9,"Extinguished, DC Register 6/28/19",16-29,0,0,{2C065C75-D2E2-4AA3-BC45-0A93BF620E4A},Ward 8
64226,Wisconsin Owner LLC,https://app.dcoz.dc.gov/Content/Search/ViewCaseReport.aspx?case_id=16-26,Setdown 3/13/17,MU-7,Final,16-26,0,0,{BA45440A-78B4-4729-BC32-968C2C3BDD48},Ward 3
64227,3443 Benning Road LLC,https://app.dcoz.dc.gov/Content/Search/ViewCaseReport.aspx?case_id=16-20,Hearing 11/14/16,MU-7,Final,16-20,0,0,{8323584D-87D8-4950-9768-D5A0F65716CE},Ward 7
64228,"Waterfront 375 M Street, LLC & Waterfront 425 M Street, LLC",https://app.dcoz.dc.gov/Content/Search/ViewCaseReport.aspx?case_id=02-38I,"Setdown 6/12/17, DC Register 118/19",MU-9,Final,02-38I,0,0,{3DD21A72-EFE0-41A5-9D51-A6E2715F2DF7},Ward 6
64229,Governments of Czechoslovakia & Hungary & Indonesia & Poland,https://app.dcoz.dc.gov/Content/Search/ViewCaseReport.aspx?case_id=71-5,"Case 71-5, Order 70 (R-5-C changed to R-5-D via Order 721)",R-5-D,Final,71-5,0,0,{B5D8DFFC-7D65-42D1-810C-5836F2642E39},Ward 3
64230,Covenant Baptist Church,https://app.dcoz.dc.gov/Content/Search/ViewCaseReport.aspx?case_id=12-21A,"Case # 12-21, Approved DC Register 4/18/14, Time Extension 7/7/16",R-5-A,Final,12-21A,0,0,{E10FDB0D-96C8-4784-82D8-14765B786FEA},Ward 8
64231,13th and U Lessee LLC,https://app.dcoz.dc.gov/Content/Search/ViewCaseReport.aspx?case_id=12-20A,Case #12-20A,ARTS/CR,Final,12-20A,0,0,{2B3C96DA-B951-4225-8570-85590CA79191},Ward 1
64232,Hoffman-Struever Waterfront LLC,https://app.dcoz.dc.gov/Content/Search/ViewCaseReport.aspx?case_id=11-03,Case # 11-03,"W-1, C-3-C, R-5-B",Final,11-03,0,0,{91EBA424-FE7B-428D-8F71-032D8D663288},Ward 6
64233,"Toll DC II, LP",https://app.dcoz.dc.gov/Content/Search/ViewCaseReport.aspx?case_id=05-36K,"93-3 extinguished, 05-36 is latest iteration (Exhibit 16)",C-3-C,Final,05-36K,0,0,{FF142DB0-92D3-487F-ABCB-8A25F784FB83},Ward 6
64234,Square 5914 LLC,https://app.dcoz.dc.gov/Content/Search/ViewCaseReport.aspx?case_id=13-08,Case No. 13-08,C-3-B,Final,13-08,0,0,{941B5C9A-05F6-4124-BE58-ABA583227269},Ward 8
64235,Center Place Holdings LLC,https://app.dcoz.dc.gov/Content/Search/ViewCaseReport.aspx?case_id=08-34B,Order 08-34 approved on 05/23/2011. Order 08-34A approved on 3/1/13.,C-4,Final,08-34B,0,0,{EA81F758-3861-45A5-9016-21655FD7115B},Ward 6
64236,ICG 16th Street Associates LLC,https://app.dcoz.dc.gov/Content/Search/ViewCaseReport.aspx?case_id=13-04,"Case # 13-04, order final 10/4/2013",C-3-C,Final,13-04,0,0,{D01AFB48-9DCC-489A-903D-5C3382DF8CAE},Ward 2
64237,1001 4th Street S.W.,https://app.dcoz.dc.gov/Content/Search/ViewCaseReport.aspx?case_id=02-38D,Case 02-38D approved 9/30/13,C-3-C,Final,02-38D,0,0,{2D4556BF-B4FE-48EF-9FF4-B0EF0C796435},Ward 6
64238,ZP Georgia LP,https://app.dcoz.dc.gov/Content/Search/ViewCaseReport.aspx?case_id=13-10A,"Set Down as contested case, 12/9/13",C-2-B,Final,13-10A,0,0,{418CD289-70B6-409F-99E4-79F5AADD62D9},Ward 1
64239,Vision McMillan Partners LLC & DMPED,https://app.dcoz.dc.gov/Content/Search/ViewCaseReport.aspx?case_id=13-14,"Case 13-14 Set Down as contested case 1/27/14, Remanded by Court of Appeals rehearing 3/20/17","C-3-C, CR",Final,13-14,0,0,{FBEB5465-9933-434F-814E-CBBE7894DCB0},Ward 5
64240,Brownstein Commons LP,https://app.dcoz.dc.gov/Content/Search/ViewCaseReport.aspx?case_id=13-17,"Setdown 2/10/14 Case # 13-17, Approved 6/30/14",R-5-B,Final,13-17,0,0,{A20F52F5-9705-464A-9A96-3D1B7A231E6B},Ward 8
64241,Jemals Hechts LLC,https://app.dcoz.dc.gov/Content/Search/ViewCaseReport.aspx?case_id=14-01A,"Set Down 2/24/14, Approved July 17, 2015",C-3-C,Final,14-01A,0,0,{D828183D-F1A7-4B1E-8D51-A407AE98E658},Ward 5
64242,WBG Wheeler Road LLC,https://app.dcoz.dc.gov/Content/Search/ViewCaseReport.aspx?case_id=13-18B,"Order Published DC Register April 17, 2015, DC Register 2/2/18",C-2-B,Final,13-18B,0,0,{ADBAE9FA-511D-474F-AEED-EE45B13BDA7E},Ward 8
64243,1333 M St SE LLC,https://app.dcoz.dc.gov/Content/Search/ViewCaseReport.aspx?case_id=13-12A,"Set Down 3/10/14, Time Extension 2/27/17",C-3-C,Final,13-12A,0,0,{35C38C8F-6BC2-41DF-9FFD-7359A71BF84C},Ward 6
64244,Professional Associates and International Finance Corporation,https://app.dcoz.dc.gov/Content/Search/ViewCaseReport.aspx?case_id=14-04A,"Case # 14-04 Set Down 4/15/14, Approved 12/5/14",None,Final,14-04A,0,0,{8C8F669C-46CC-460C-B419-376B7F35F9F9},Ward 2
64245,Portner Place LLC,https://app.dcoz.dc.gov/Content/Search/ViewCaseReport.aspx?case_id=14-08,Set Down 6/30/14,"R-5-D, CR",Final,14-08,0,0,{6B01FDAF-0161-4B4C-BE71-25D6887AAC4A},Ward 1
64246,QC 369 LLC,https://app.dcoz.dc.gov/Content/Search/ViewCaseReport.aspx?case_id=14-09,Order 14-09 5/1/15,"DD/C-2-C, DD/C-2-A",Final,14-09,0,0,{208C0A63-1D3B-4689-867F-125ED78F6367},Ward 2
64247,EAJ 1309 5th St LLC,https://app.dcoz.dc.gov/Content/Search/ViewCaseReport.aspx?case_id=14-12A,"Case 14-12 Set Down 7/28/14 DC Register 5/8/15, Time Extension 9/17/18",C-3-C,Final,14-12A,0,0,{0A87A57E-A90D-461F-849A-757A2E8ED4DF},Ward 5
64248,Mid-City Financial Corporation & Brentwood Associates LP & MCF Brentwood SC LLC,https://app.dcoz.dc.gov/Content/Search/ViewCaseReport.aspx?case_id=14-18A, PUD Modification 11/14/16 ,C-2-A/R-5-B,Final,14-18A,0,0,{1D84472E-5926-4F1A-A914-56841B38988B},Ward 5
64249,M St Dev Group LLC & Square 772 Dev Group LLC,https://app.dcoz.dc.gov/Content/Search/ViewCaseReport.aspx?case_id=14-19A,"DC Register 11/20/15, Time Extension 11/19/18",C-3-C,Final,14-19A,0,0,{8B96838B-4805-46EF-B34C-8E13F9777826},Ward 6
64250,Aria Development Group,https://app.dcoz.dc.gov/Content/Search/ViewCaseReport.aspx?case_id=15-03,DC Register 5/13/16,R-5-C,Final,15-03,0,0,{FEB80DA5-B54D-4569-AFB5-51FF79BD1998},Ward 1
64251,Comstock Sixth Street LLC,https://app.dcoz.dc.gov/Content/Search/ViewCaseReport.aspx?case_id=15-04,"Set down April 13, 2015, Approved DC Register 1/15/16",R-4,Final,15-04,0,0,{93DBCF06-B6EA-4910-BC91-54FDCFC571B1},Ward 5
64252,MRP Realty,https://app.dcoz.dc.gov/Content/Search/ViewCaseReport.aspx?case_id=15-07,Setdown 4/27/15,None,Final,15-07,0,0,{ADCF24E4-EC81-4C17-839F-16D693AA180E},Ward 6
64253,EYA LLC & St. Pauls College,https://app.dcoz.dc.gov/Content/Search/ViewCaseReport.aspx?case_id=07-27A,Minor Modification 6/13/11,R-5-B,Final,07-27A,0,0,{EE5B72D0-4E78-4592-9EE7-B0A8911B2220},Ward 5
64254,View 14 Investments LLC,https://app.dcoz.dc.gov/Content/Search/ViewCaseReport.aspx?case_id=05-22A,PUD Modification DC Register July 3 2014,None,Final,05-22A,0,0,{D8908D9F-164D-463F-A6DE-13128D6E4F05},Ward 1
64255,BP 1330 Connecticut Avenue LLC,https://app.dcoz.dc.gov/Content/Search/ViewCaseReport.aspx?case_id=80-13A,DC Register 7/30/15,C-3-B,Final,80-13A,0,0,{33CE8AEA-3C62-443B-BEF3-FAEF82AAC546},Ward 2
64256,Capitol Crossing IV LLC & Archdiocese of Washington Holy Rosary,https://app.dcoz.dc.gov/Content/Search/ViewCaseReport.aspx?case_id=08-34C,"Case # 08-34C, Setdown July 29, 2013, 2nd Stage PUD",HR/C-4,Final,08-34C,0,0,{FA0215BA-F35A-4461-9BFD-9A0C34F28BBA},Ward 6
64257,1250 4th St Edens LLC,https://app.dcoz.dc.gov/Content/Search/ViewCaseReport.aspx?case_id=14-07A,"DC Register July 3 2015, DC Register May 5, 2017",C-3-C,Final,14-07A,0,0,{0D3CCC57-117D-44B6-A7C4-A7E2BE787425},Ward 5
64258,Jemals CDC LLC,https://app.dcoz.dc.gov/Content/Search/ViewCaseReport.aspx?case_id=14-14,"Set Down 9/30/14, DC Register 7/30/15",HS-H/C-2-B,Final,14-14,0,0,{48AD0BC1-B4F9-4C39-930F-BB3899F026CA},Ward 6
64259,Barry Place Partners LLC,https://app.dcoz.dc.gov/Content/Search/ViewCaseReport.aspx?case_id=14-21,"Set Down 1/12/14, DC Register 7/30/15",C-2-B,Final,14-21,0,0,{996BAE3F-DC79-4516-A746-A72915AC93F3},Ward 1
64260,MHI-Brookland LLC,https://app.dcoz.dc.gov/Content/Search/ViewCaseReport.aspx?case_id=15-02,Set Down 6/28/15,R-5-B,Final,15-02,0,0,{226828F1-92EA-4ED3-BD7D-64675004D963},Ward 5
64261,Deanwood Hills LLC,https://app.dcoz.dc.gov/Content/Search/ViewCaseReport.aspx?case_id=15-10,DC Register 12/21/15 Approved,R-5-B,Final,15-10,0,0,{86176F29-30F6-4076-85CC-23D59CA949AD},Ward 7
63643,Joseph Horning & Norris Dodson Realty,https://app.dcoz.dc.gov/Content/Search/ViewCaseReport.aspx?case_id=82-6,"Official Digital Zoning Map of July 1, 2010",R-5-A,Final,82-6,0,0,{162CD4DE-0D49-4B31-8144-D7F2C8F8ECB4},Ward 5
63644,CESC 1229-1231 TRS & CESC 1227,https://app.dcoz.dc.gov/Content/Search/ViewCaseReport.aspx?case_id=06-35A,"Official Digital Zoning Map of July 1, 2010",None,Final,06-35A,0,0,{F97029A5-03CB-437B-A797-AB425B1D2D1E},Ward 2
63645,International Bank for Reconstr. & Dev.,https://app.dcoz.dc.gov/Content/Search/ViewCaseReport.aspx?case_id=89-17,"Official Digital Zoning Map of July 1, 2010",C-3-B,Final,89-17,0,0,{0B1BE4E8-7FE1-4BA7-9236-5B494F711529},Ward 2
63646,United House of Prayer for All People,https://app.dcoz.dc.gov/Content/Search/ViewCaseReport.aspx?case_id=09-05A,"Official Digital Zoning Map of July 1, 2010",C-2-B,Final,09-05A,0,0,{92B75921-860A-41FF-A333-D05F34780A4B},Ward 6
63647,Former Columbia Hospital for Women,https://app.dcoz.dc.gov/Content/Search/ViewCaseReport.aspx?case_id=03-11,"Official Digital Zoning Map of July 1, 2010",C-2-C,Final,03-11,0,0,{65BBF916-9529-45A6-B4D0-1730D9555478},Ward 2
63648,Waterfront Associates,https://app.dcoz.dc.gov/Content/Search/ViewCaseReport.aspx?case_id=02-38A,"Official Digital Zoning Map of July 1, 2010",C-3-C,Final,02-38A,0,0,{8252AA0C-225B-47E6-A19E-517592368A26},Ward 6
64001,New East Capitol Senior Building,https://app.dcoz.dc.gov/Content/Search/ViewCaseReport.aspx?case_id=02-04,"Official Digital Zoning Map of July 1, 2010",R-5-A,Final,02-04,0,0,{CE9C6F59-3D6F-4C2C-9DD4-0183D4BF9E17},Ward 7
64083,Mid-City Urban LLC and A&R Dev. Corp.,https://app.dcoz.dc.gov/Content/Search/ViewCaseReport.aspx?case_id=04-24B,"Official Digital Zoning Map of July 1, 2010",C-2-B,Final,04-24B,0,0,{892B9A9B-DDDE-43C8-BC7F-50120F212900},Ward 5
64084,Neighborhood Development Co.,https://app.dcoz.dc.gov/Content/Search/ViewCaseReport.aspx?case_id=05-19,"Official Digital Zoning Map of July 1, 2010",C-3-A,Final,05-19,0,0,{09E8FC58-BB2D-4F72-8190-0D763180345D},Ward 4
64085,Ft. Lincoln New Town & Premium Distr.,https://app.dcoz.dc.gov/Content/Search/ViewCaseReport.aspx?case_id=99-5,"Official Digital Zoning Map of July 1, 2010",C-M-1,Final,99-5,0,0,{B758C030-FCFE-4A19-8A33-56DCAE36F7F9},Ward 5
64086,Center for Strategic and Intl Studies,https://app.dcoz.dc.gov/Content/Search/ViewCaseReport.aspx?case_id=02-51C,"Official Digital Zoning Map of July 1, 2010",C-4,Final,02-51C,0,0,{819A60C9-491F-4324-9BF5-17189B169095},Ward 2
64087,Public Space Utilization Act App.,https://app.dcoz.dc.gov/Content/Search/ViewCaseReport.aspx?case_id=01-07A,"Official Digital Zoning Map of July 1, 2010",None,Final,01-07A,0,0,{6C1F5DD9-A35F-4D8A-A0E6-0DD02EA96DB2},Ward 2
64088,DOT Headquarters- SE Federal Center,https://app.dcoz.dc.gov/Content/Search/ViewCaseReport.aspx?case_id=03-05,"Official Digital Zoning Map of July 1, 2010",C-3-C,Final,03-05,0,0,{80D5DABA-61BB-4B32-9DE4-8BE60487D4F4},Ward 6
64093,Lowe Enterprises,https://app.dcoz.dc.gov/Content/Search/ViewCaseReport.aspx?case_id=07-13G,DC Register 7/6/18,C-3-C,Final,07-13G,0,0,{FE2108DD-D844-489F-AA27-96201C9271B1},Ward 6
64094,DCO Realty Inc,https://app.dcoz.dc.gov/Content/Search/ViewCaseReport.aspx?case_id=06-24B,"Official Digital Zoning Map of July 1, 2010",C-2-B,Final,06-24B,0,0,{2C62AD1D-2A85-4612-9279-2029F14E3E74},Ward 1
64095,Gateway Market Center Inc.,https://app.dcoz.dc.gov/Content/Search/ViewCaseReport.aspx?case_id=06-40C,PUD Modification 1/27/14,C-3-C,Final,06-40C,0,0,{5D628EA7-6697-4A17-B5E7-E3E854CCA7AF},Ward 5
64089,5000 Overlook Avenue S.W,https://app.dcoz.dc.gov/Content/Search/ViewCaseReport.aspx?case_id=04-19A,"Official Digital Zoning Map of July 1, 2010",None,Final,04-19A,0,0,{78F0C758-7D35-41FF-9E90-799BED44CD08},Ward 8
64090,LAT PYD  I,https://app.dcoz.dc.gov/Content/Search/ViewCaseReport.aspx?case_id=06-34A,"Official Digital Zoning Map of July 1, 2010",R-5-B,Final,06-34A,0,0,{DD846B20-020B-460E-89FD-196011BD0AE6},Ward 6
64091,Camden Development Inc.,https://app.dcoz.dc.gov/Content/Search/ViewCaseReport.aspx?case_id=06-41,"Official Digital Zoning Map of July 1, 2010",CG/C-3-C,Final,06-41,0,0,{FD9B1A14-9A3E-4914-BA88-F73F1C4901FC},Ward 6
64092,Florida & Q Sreet LLC,https://app.dcoz.dc.gov/Content/Search/ViewCaseReport.aspx?case_id=06-04G,"Case # 06-04D, DC Register 8/3/18",C-2-B,Final,06-04G,0,0,{BC7BED82-F5DD-4547-B9B8-D14F3C04FAC0},Ward 5
64096,St. Coletta of Greater Washington Inc.,https://app.dcoz.dc.gov/Content/Search/ViewCaseReport.aspx?case_id=03-21,"Official Digital Zoning Map of July 1, 2010",SP-1,Final,03-21,0,0,{E9AF87B7-B274-4B1C-A9EA-9C54C61E6859},Ward 7
64099,3211 4th Street NE,https://app.dcoz.dc.gov/Content/Search/ViewCaseReport.aspx?case_id=98-18,"Official Digital Zoning Map of July 1, 2010",SP-1,Final,98-18,0,0,{F27F45A3-458E-4EA8-BCC8-86F65C0394D7},Ward 5
64100,G.K.D. 1412 Chapin Street LLC,https://app.dcoz.dc.gov/Content/Search/ViewCaseReport.aspx?case_id=09-15,"Official Digital Zoning Map of August 20, 2010",C-2-B,Final,09-15,0,0,{55D22020-020A-465E-9027-77BA960991B0},Ward 1
64101,The Athena Group LLC,https://app.dcoz.dc.gov/Content/Search/ViewCaseReport.aspx?case_id=08-21,"Official Digital Zoning Map of July 1, 2010",R-5-A,Final,08-21,0,0,{BA0DCB28-6AD8-4B26-9287-3AB9544E31E8},Ward 3
64102,1957 E Street N.W.,https://app.dcoz.dc.gov/Content/Search/ViewCaseReport.aspx?case_id=01-17,"Official Digital Zoning Map of July 1, 2010",C-3-C,Final,01-17,0,0,{4272A62C-666D-462F-B982-01A734E66E32},Ward 2
64103,4717-4727 Wisconsin Avenue N.W.,https://app.dcoz.dc.gov/Content/Search/ViewCaseReport.aspx?case_id=98-21,"Official Digital Zoning Map of July 1, 2010",C-2-B,Final,98-21,0,0,{309EA0D9-04DA-4402-BBFD-A7B8B93128EB},Ward 3
64097,Jemals Cayre Woodies LLC,https://app.dcoz.dc.gov/Content/Search/ViewCaseReport.aspx?case_id=02-23,"Official Digital Zoning Map of July 1, 2010",None,Final,02-23,0,0,{5FE4C925-0F47-4F18-A9DF-BF35D04F02C8},Ward 2
64098,1000 K Street NW,https://app.dcoz.dc.gov/Content/Search/ViewCaseReport.aspx?case_id=03-08,"Official Digital Zoning Map of July 1, 2010",HR/C-3-C,Final,03-08,0,0,{28732A16-ACDB-4A26-9E0A-540ECBCC3317},Ward 2
64104,901 New York Avenue N.W.,https://app.dcoz.dc.gov/Content/Search/ViewCaseReport.aspx?case_id=01-01B,"Official Digital Zoning Map of July 1, 2010",C-4,Final,01-01B,0,0,{C2B9E7D6-F41C-434A-9C68-F83F211A1A58},Ward 2
64105,26th & L Limited Partnership,https://app.dcoz.dc.gov/Content/Search/ViewCaseReport.aspx?case_id=86-32,"Official Digital Zoning Map of July 1, 2010",C-2-C,Final,86-32,0,0,{878EF89D-33B5-4193-AEF2-D66085FB1C78},Ward 2
64106,15th & M Sts. NW,https://app.dcoz.dc.gov/Content/Search/ViewCaseReport.aspx?case_id=88-13,"Official Digital Zoning Map of July 1, 2010",C-4,Final,88-13,0,0,{56AB46C6-B1DA-4760-9AB4-F81AA5E62F42},Ward 2
64107,12th & I & K Sts. N.W.,https://app.dcoz.dc.gov/Content/Search/ViewCaseReport.aspx?case_id=91-12,"Official Digital Zoning Map of July 1, 2010",None,Final,91-12,0,0,{D4B6FE94-5865-4496-A005-6D42B3A80269},Ward 2
64002,JBG (Solar Building),https://app.dcoz.dc.gov/Content/Search/ViewCaseReport.aspx?case_id=02-24A,"Official Digital Zoning Map of July 1, 2010",C-4,Final,02-24A,0,0,{F6585427-5DD5-4B3F-AA65-25AA8A6856AF},Ward 2
64003,Nehemiah Homes at Fort Dupont,https://app.dcoz.dc.gov/Content/Search/ViewCaseReport.aspx?case_id=01-12,"Official Digital Zoning Map of July 1, 2010",None,Final,01-12,0,0,{E26C6390-2337-4AD5-B632-31D780DD8BE4},Ward 7
64004,Adams Morgan Garage & Residences,https://app.dcoz.dc.gov/Content/Search/ViewCaseReport.aspx?case_id=97-1,"Official Digital Zoning Map of July 1, 2010",None,Final,97-1,0,0,{8ACA3A07-EC64-41A6-A6E7-448B723EF477},Ward 1
64005,Washington Hospital Center,https://app.dcoz.dc.gov/Content/Search/ViewCaseReport.aspx?case_id=94-21,"Official Digital Zoning Map of July 1, 2010",SP-1,Final,94-21,0,0,{F484EEE5-4BA7-4B6B-8834-548CBB019B14},Ward 5
64006,BYU/Resources Center,https://app.dcoz.dc.gov/Content/Search/ViewCaseReport.aspx?case_id=93-15,"Official Digital Zoning Map of July 1, 2010","SP-1, R-5-E",Final,93-15,0,0,{BBE9E159-5803-49CE-9B20-FB033383AC27},Ward 2
64007,Boston Properties II,https://app.dcoz.dc.gov/Content/Search/ViewCaseReport.aspx?case_id=87-18,"Official Digital Zoning Map of July 1, 2010",CR,Final,87-18,0,0,{4F3BC079-DF33-47E3-87EB-6B36FADF0BB2},Ward 2
64008,Boston Properties,https://app.dcoz.dc.gov/Content/Search/ViewCaseReport.aspx?case_id=86-1,"Split from 87-18, 02/01/2011",CR,Final,86-1,0,0,{AB1CEDD3-8CE2-43FE-BFE7-AB63A6D9D987},Ward 2
64009,Soapstone II,https://app.dcoz.dc.gov/Content/Search/ViewCaseReport.aspx?case_id=84-13,"Official Digital Zoning Map of July 1, 2010",C-3-A,Final,84-13,0,0,{FDB41DC7-81F1-4490-8627-1CC9D5FF4973},Ward 3
64010,Ashmeade Associates,https://app.dcoz.dc.gov/Content/Search/ViewCaseReport.aspx?case_id=83-11,"Official Digital Zoning Map of July 1, 2010",None,Final,83-11,0,0,{1CF07513-1663-430B-B467-44E84978FD22},Ward 1
64011,Childrens Hospital National Med. Ctr,https://app.dcoz.dc.gov/Content/Search/ViewCaseReport.aspx?case_id=88-34B,DC Register 9/25/17,SP-2,Final,88-34B,0,0,{EA85606F-7694-4813-973F-2311E6EF0630},Ward 5
64012,Non-Profit Community Development Corp.,https://app.dcoz.dc.gov/Content/Search/ViewCaseReport.aspx?case_id=05-14A,"Official Digital Zoning Map of July 1, 2010",C-2-B,Final,05-14A,0,0,{68BAEBCB-06C1-4012-8ACB-D007BDF360ED},Ward 1
64013,DCPS and GWU- School Without Walls,https://app.dcoz.dc.gov/Content/Search/ViewCaseReport.aspx?case_id=06-17,"Official Digital Zoning Map of July 1, 2010",SP-2,Final,06-17,0,0,{FA763315-5584-4FC0-A6CC-649269773243},Ward 2
64014,Sibley Memorial Hospital,https://app.dcoz.dc.gov/Content/Search/ViewCaseReport.aspx?case_id=05-42,"Official Digital Zoning Map of July 1, 2010",SP-1,Final,05-42,0,0,{7A97C86E-64C7-45A4-9E6E-F05D10EE3A3A},Ward 3
64015,MedStar Health - Wash. Hospital Center,https://app.dcoz.dc.gov/Content/Search/ViewCaseReport.aspx?case_id=04-17A,"Official Digital Zoning Map of July 1, 2010","SP-1, SP-2",Final,04-17A,0,0,{F008A44D-A7C9-4A2A-90C2-3638ED30C2C5},Ward 5
64016,George Washington U. Residence Hall,https://app.dcoz.dc.gov/Content/Search/ViewCaseReport.aspx?case_id=03-29A,"Official Digital Zoning Map of July 1, 2010",None,Final,03-29A,0,0,{A339ABEC-E244-4895-BA13-DDBF055F1EEF},Ward 2
64017,Lafayette Centre,https://app.dcoz.dc.gov/Content/Search/ViewCaseReport.aspx?case_id=84-17,"Official Digital Zoning Map of July 1, 2010",None,Final,84-17,0,0,{321FA447-068A-4802-B9B1-7E7CB5379D7C},Ward 2
64018,One Judiciary Square,https://app.dcoz.dc.gov/Content/Search/ViewCaseReport.aspx?case_id=97-11,"Official Digital Zoning Map of July 1, 2010",C-3-C,Final,97-11,0,0,{B3DC3F83-114E-4DBA-9D4B-128AF37AE3F2},Ward 2
64019,Pollin Memorial Community Dev.,https://app.dcoz.dc.gov/Content/Search/ViewCaseReport.aspx?case_id=06-30,"Official Digital Zoning Map of July 1, 2010",R-5-A,Final,06-30,0,0,{76FA7320-7895-4DB0-9309-7E362739EAC3},Ward 7
64020,Georgetown University,https://app.dcoz.dc.gov/Content/Search/ViewCaseReport.aspx?case_id=78-17,"Official Digital Zoning Map of July 1, 2010",C-3-B,Final,78-17,0,0,{0B6D1013-0E0B-4FE8-AE7C-FA9B7B767002},Ward 2
64022,G.W. Carver Senior Apartments,https://app.dcoz.dc.gov/Content/Search/ViewCaseReport.aspx?case_id=04-04A,"Official Digital Zoning Map of July 1, 2010",R-5-B,Final,04-04A,0,0,{C63F5317-E7AB-4F05-B0BD-26A109A5CEF4},Ward 7
64023,Boston Properties et al,https://app.dcoz.dc.gov/Content/Search/ViewCaseReport.aspx?case_id=06-27,"Official Digital Zoning Map of July 1, 2010",C-3-C,Final,06-27,0,0,{034BE662-CAC0-4D15-B623-69DCF7C8280D},Ward 2
64024,Republic of Italy,https://app.dcoz.dc.gov/Content/Search/ViewCaseReport.aspx?case_id=78-30,"Official Digital Zoning Map of July 1, 2010",R-5-C,Final,78-30,0,0,{1AA267C3-9A7C-4AD8-AB9E-EC3A246D6C70},Ward 3
64025,Prudential Insurance Co. of America,https://app.dcoz.dc.gov/Content/Search/ViewCaseReport.aspx?case_id=79-19,"Official Digital Zoning Map of July 1, 2010",None,Final,79-19,0,0,{FF6073B2-B56C-4E4C-BECB-DF70BDB01C3B},Ward 3
64026,Republic of France,https://app.dcoz.dc.gov/Content/Search/ViewCaseReport.aspx?case_id=78-20,"Official Digital Zoning Map of July 1, 2010",R-5-C,Final,78-20,0,0,{F73E3EA4-4C4B-42BF-AB18-4032C2666392},Ward 3
64021,IMF Headquarters 2,https://app.dcoz.dc.gov/Content/Search/ViewCaseReport.aspx?case_id=01-13A,"Official Digital Zoning Map of July 1, 2010",C-4,Final,01-13A,0,0,{CB4BC4A2-515E-4668-AFC7-2C7149CD9BE9},Ward 2
64027,CESC 2101 L St. LLC,https://app.dcoz.dc.gov/Content/Search/ViewCaseReport.aspx?case_id=70-16A,"Official Digital Zoning Map of July 1, 2010",C-3-B,Final,70-16A,0,0,{C270B543-B212-4CB5-8B3D-AD84AE962685},Ward 2
64028,St. Martins Apartments,https://app.dcoz.dc.gov/Content/Search/ViewCaseReport.aspx?case_id=05-39,"Official Digital Zoning Map of July 1, 2010",R-5-B,Final,05-39,0,0,{A93E27B9-EE62-4452-9F11-702E1101DA4B},Ward 5
64029,H Street Community Development Corp,https://app.dcoz.dc.gov/Content/Search/ViewCaseReport.aspx?case_id=05-25A,"Official Digital Zoning Map of July 1, 2010",None,Final,05-25A,0,0,{306CD495-1E69-4BD6-953D-4FAF25547384},Ward 5
64030,Eastgate Senior Residences,https://app.dcoz.dc.gov/Content/Search/ViewCaseReport.aspx?case_id=04-37,"Official Digital Zoning Map of July 1, 2010",R-5-B,Final,04-37,0,0,{CD98BBC8-FF83-4EC7-ACD7-AD05E3DA1447},Ward 7
64031,"Marriott International, Inc.",https://app.dcoz.dc.gov/Content/Search/ViewCaseReport.aspx?case_id=08-13,"Official Digital Zoning Map of July 1, 2010",DD/C-3-C,Final,08-13,0,0,{2EA1E2EF-0524-4766-95E1-C82F6C8D58B6},Ward 2
64032,American Institute of Architects,https://app.dcoz.dc.gov/Content/Search/ViewCaseReport.aspx?case_id=08-27A,"PUD Time Extension June 22, 2009",C-3-C,Final,08-27A,0,0,{A9CC5466-8FEF-4553-B5D0-F3EC91882DE5},Ward 2
64033,Georgia & Lamont L.P.,https://app.dcoz.dc.gov/Content/Search/ViewCaseReport.aspx?case_id=08-26,"Official Digital Zoning Map of July 1, 2010",GA/C-2-B,Final,08-26,0,0,{41C3A3F8-6EBA-46F4-9606-863543F6A017},Ward 1
64034,Highlands Addition,https://app.dcoz.dc.gov/Content/Search/ViewCaseReport.aspx?case_id=06-45A,"Official Digital Zoning Map of July 1, 2010",R-5-B,Final,06-45A,0,0,{B8702D52-EAB4-4FB4-9FDA-C31605720868},Ward 8
64035,Steuart - H Street LLC,https://app.dcoz.dc.gov/Content/Search/ViewCaseReport.aspx?case_id=06-01B,"Official Digital Zoning Map of July 1, 2010",C-2-B,Final,06-01B,0,0,{06DD0772-1DA5-4997-A235-6C8BEBDF34BC},Ward 6
64036,PerStar M St. Partners LLC,https://app.dcoz.dc.gov/Content/Search/ViewCaseReport.aspx?case_id=07-21C,Modification 11/28/2011,None,Final,07-21C,0,0,{7AF594F1-A8B6-4A21-84D2-99B3BD1DBB0B},Ward 2
64037,Kelsey Gardens Property Company LLC,https://app.dcoz.dc.gov/Content/Search/ViewCaseReport.aspx?case_id=08-14C,Minor Modification 7/28/14,C-2-C,Final,08-14C,0,0,{2592A848-7B8A-45DC-9F66-93B05D0B952C},Ward 6
64038,American Pharmacists Association,https://app.dcoz.dc.gov/Content/Search/ViewCaseReport.aspx?case_id=04-01,"Official Digital Zoning Map of July 1, 2010",SP-2,Final,04-01,0,0,{BC3514BC-C8C6-4D6B-882A-52CAFA5D729A},Ward 2
64039,The Salvation Army,https://app.dcoz.dc.gov/Content/Search/ViewCaseReport.aspx?case_id=04-35,"Official Digital Zoning Map of July 1, 2010",None,Final,04-35,0,0,{059420FC-53E2-4F92-AA69-C24128B54BAF},Ward 8
64040,Eastgate Family Housing,https://app.dcoz.dc.gov/Content/Search/ViewCaseReport.aspx?case_id=05-24B,"Official Digital Zoning Map of July 1, 2010",None,Final,05-24B,0,0,{077F6400-074E-4AEA-A258-1F40EFCFDBC6},Ward 7
64041,"Rocky Gorge at Fort Totten, LLC",https://app.dcoz.dc.gov/Content/Search/ViewCaseReport.aspx?case_id=04-11,"Official Digital Zoning Map of July 1, 2010",R-4,Final,04-11,0,0,{5B015065-1610-4753-B56C-FD176A3E77FF},Ward 5
64042,Station Holdings LLC,https://app.dcoz.dc.gov/Content/Search/ViewCaseReport.aspx?case_id=05-37C,"Official Digital Zoning Map of July 1, 2010","C-2-A, C-2-B, C-3-C",Final,05-37C,0,0,{85B88180-9B9D-462B-A3C9-AC11EA17C88F},Ward 6
64043,Mill Creek Residential Trust,https://app.dcoz.dc.gov/Content/Search/ViewCaseReport.aspx?case_id=05-38C,"Setdown 3/9/15, Approved 7/13/15, DC Register 8/25/17",C-3-C,Final,05-38C,0,0,{5F29931B-7FC3-4FE4-883D-D83C05AE894F},Ward 6
64044,Capital Gateway Estates,https://app.dcoz.dc.gov/Content/Search/ViewCaseReport.aspx?case_id=03-03B,"Official Digital Zoning Map of July 1, 2010",R-5-A,Final,03-03B,0,0,{8C22128E-9F3F-41DD-94D2-6BAFF8113F15},Ward 7
64045,5401 Western Avenue,https://app.dcoz.dc.gov/Content/Search/ViewCaseReport.aspx?case_id=04-06,"Official Digital Zoning Map of July 1, 2010",R-5-C,Final,04-06,0,0,{91C84CE8-A23F-4773-A538-1029BFA22EC3},Ward 3
64046,George Washington University,https://app.dcoz.dc.gov/Content/Search/ViewCaseReport.aspx?case_id=80-11,"Official Digital Zoning Map of July 1, 2010",C-3-C,Final,80-11,0,0,{8793E772-4406-4E05-BE14-9DCF2DB7743D},Ward 2
64047,Jemals Darth Vader LLC,https://app.dcoz.dc.gov/Content/Search/ViewCaseReport.aspx?case_id=80-07A,PUD Modification Setdown 7/11/16,C-4,Final,80-07A,0,0,{82BC9EA8-C359-4C2C-9D9F-2B398A3A633C},Ward 6
64048,Walter Washington Estates,https://app.dcoz.dc.gov/Content/Search/ViewCaseReport.aspx?case_id=00-16,"Official Digital Zoning Map of July 1, 2010",R-5-A,Final,00-16,0,0,{6B04A684-E340-4B3A-BE27-ADDF1C6F716A},Ward 8
64049,McLean Gardens,https://app.dcoz.dc.gov/Content/Search/ViewCaseReport.aspx?case_id=87-17,"Official Digital Zoning Map of July 1, 2010","R-5-B, C-2-B, C-2-A",Final,87-17,0,0,{FF1FE4C9-138B-4AF3-BDFA-B72C6FDDC41A},Ward 3
64050,Retirement Housing Foundation,https://app.dcoz.dc.gov/Content/Search/ViewCaseReport.aspx?case_id=01-24,"Official Digital Zoning Map of July 1, 2010",C-2-A,Final,01-24,0,0,{2EE21DC5-CF68-438F-92EC-C279F1172C25},Ward 5
64051,Bryan School,https://app.dcoz.dc.gov/Content/Search/ViewCaseReport.aspx?case_id=00-34,"Official Digital Zoning Map of July 1, 2010",R-5-B,Final,00-34,0,0,{ADC2FB9D-5E08-4988-BF4E-D7313970D8B3},Ward 6
64052,Broadway Atlantic One LLC,https://app.dcoz.dc.gov/Content/Search/ViewCaseReport.aspx?case_id=05-17C/05-32C,"Official Digital Zoning Map of July 1, 2010",None,Final,05-17C/05-32C,0,0,{58AED01C-5B98-4D7A-9B56-B3BFDAF95F28},Ward 1
64053,Valley Green/Skytower,https://app.dcoz.dc.gov/Content/Search/ViewCaseReport.aspx?case_id=98-3,"Official Digital Zoning Map of July 1, 2010",None,Final,98-3,0,0,{7B45C347-ED40-4E33-9C5A-7DB8AA776C09},Ward 8
64054,Tenley Park LLC,https://app.dcoz.dc.gov/Content/Search/ViewCaseReport.aspx?case_id=00-03,"Official Digital Zoning Map of July 1, 2010",R-5-B,Final,00-03,0,0,{02194DEC-5531-418B-BEA3-B159D4CEE023},Ward 3
64055,Blair Road LP,https://app.dcoz.dc.gov/Content/Search/ViewCaseReport.aspx?case_id=76-3,"Official Digital Zoning Map of July 1, 2010",R-5-A,Final,76-3,0,0,{7932CC67-5623-493B-A343-0A4D0EC8D22C},Ward 4
64056,Oxon Creek,https://app.dcoz.dc.gov/Content/Search/ViewCaseReport.aspx?case_id=97-10,"Official Digital Zoning Map of July 1, 2010",R-5-A,Final,97-10,0,0,{BBF4C098-ADDF-4E4C-94DA-0265B6B9F888},Ward 8
64057,Fredrick Douglas Stanton,https://app.dcoz.dc.gov/Content/Search/ViewCaseReport.aspx?case_id=01-18,"Official Digital Zoning Map of July 1, 2010",R-5-A,Final,01-18,0,0,{94C5E3A4-8005-4B63-8F97-A7EC6C239996},Ward 8
64058,Sumner School Project,https://app.dcoz.dc.gov/Content/Search/ViewCaseReport.aspx?case_id=82-14,"Official Digital Zoning Map of July 1, 2010",C-4,Final,82-14,0,0,{5AD5DD5C-A086-4A30-8B28-1B1AC1CE4020},Ward 2
64059,K/26 Partnership,https://app.dcoz.dc.gov/Content/Search/ViewCaseReport.aspx?case_id=84-16,"Official Digital Zoning Map of July 1, 2010",R-5-D,Final,84-16,0,0,{BE390A6A-2661-4733-B60F-2A84297BEDA6},Ward 2
64060,Chevy Chase Pavilion,https://app.dcoz.dc.gov/Content/Search/ViewCaseReport.aspx?case_id=85-16,"Official Digital Zoning Map of July 1, 2010",C-3-B,Final,85-16,0,0,{272361D2-B51C-408B-8B51-3331A14AC3A1},Ward 3
64061,Abrams & Associates,https://app.dcoz.dc.gov/Content/Search/ViewCaseReport.aspx?case_id=85-20,"Official Digital Zoning Map of July 1, 2010",C-3-B,Final,85-20,0,0,{98CE9D36-65BA-4877-B634-4CB917CAB58F},Ward 3
64063,Mayfair House,https://app.dcoz.dc.gov/Content/Search/ViewCaseReport.aspx?case_id=87-24,"Official Digital Zoning Map of July 1, 2010",C-3-C,Final,87-24,0,0,{14FA1428-4A3D-43BE-A6A2-54A71CE95794},Ward 2
64064,Penn Plaza,https://app.dcoz.dc.gov/Content/Search/ViewCaseReport.aspx?case_id=87-29,"Official Digital Zoning Map of July 1, 2010",C-3-C,Final,87-29,0,0,{0B3C0F01-C6EC-45DF-874D-9198B3A7E920},Ward 2
64065,Wynmark Development Corporation,https://app.dcoz.dc.gov/Content/Search/ViewCaseReport.aspx?case_id=88-2,"Official Digital Zoning Map of July 1, 2010",None,Final,88-2,0,0,{5920B9B7-BD38-4B91-B706-EDD3C5ABC9BC},Ward 2
64066,Gonzaga,https://app.dcoz.dc.gov/Content/Search/ViewCaseReport.aspx?case_id=89-14,"Official Digital Zoning Map of July 1, 2010",C-3-C,Final,89-14,0,0,{8F0E9420-3B0B-4C34-AA3B-E09CB630BB94},Ward 6
64067,1212 Mass. Ave.,https://app.dcoz.dc.gov/Content/Search/ViewCaseReport.aspx?case_id=89-22,"Official Digital Zoning Map of July 1, 2010",C-3-C,Final,89-22,0,0,{A95D8FB8-BF3C-44DE-B765-BE5ABEC83EA7},Ward 2
64068,Brookings Institute,https://app.dcoz.dc.gov/Content/Search/ViewCaseReport.aspx?case_id=89-2,"Official Digital Zoning Map of July 1, 2010",SP-2,Final,89-2,0,0,{4FD75CD4-9523-42F9-8455-55513D9BABD4},Ward 2
64062,St. Matthews Cathedral,https://app.dcoz.dc.gov/Content/Search/ViewCaseReport.aspx?case_id=85-19,"Official Digital Zoning Map of July 1, 2010",C-3-C,Final,85-19,0,0,{592CF42C-F7D9-4F71-B8BC-19C3A0419585},Ward 2
64069,Franklin Plaza,https://app.dcoz.dc.gov/Content/Search/ViewCaseReport.aspx?case_id=89-7,"Official Digital Zoning Map of July 1, 2010",C-4,Final,89-7,0,0,{58B61B7B-CED4-41F3-8ED2-5480A5AB654A},Ward 2
64070,International Monetary Fund,https://app.dcoz.dc.gov/Content/Search/ViewCaseReport.aspx?case_id=91-7,"Official Digital Zoning Map of July 1, 2010",C-3-C,Final,91-7,0,0,{C6FCEB94-AED7-4753-8B88-8E38B1F86E56},Ward 2
64071,IBG/Citistate,https://app.dcoz.dc.gov/Content/Search/ViewCaseReport.aspx?case_id=92-4,"Official Digital Zoning Map of July 1, 2010",R-5-D,Final,92-4,0,0,{4D03C3BC-A19B-47AE-B1B6-0F6C3F8B07B0},Ward 2
64072,1333 New Hampshire Avenue,https://app.dcoz.dc.gov/Content/Search/ViewCaseReport.aspx?case_id=92-5,"Official Digital Zoning Map of July 1, 2010",C-3-B,Final,92-5,0,0,{3046779C-F5DE-4407-8065-F92972BC7F6E},Ward 2
64073,Colony House,https://app.dcoz.dc.gov/Content/Search/ViewCaseReport.aspx?case_id=93-7,"Official Digital Zoning Map of July 1, 2010",None,Final,93-7,0,0,{6116C4AD-3067-4241-B83D-05A8E0ADCB81},Ward 4
64074,Arts Club of Washington,https://app.dcoz.dc.gov/Content/Search/ViewCaseReport.aspx?case_id=94-12,"Official Digital Zoning Map of July 1, 2010",C-3-C,Final,94-12,0,0,{CAC64D3F-4601-48C6-9CC3-9AD6B04EC1CC},Ward 2
64075,Catholic University,https://app.dcoz.dc.gov/Content/Search/ViewCaseReport.aspx?case_id=96-9,"Official Digital Zoning Map of July 1, 2010",SP-1,Final,96-9,0,0,{E98D6337-928B-4165-9C0E-1579E61672F6},Ward 5
64076,Challenger Court Corporation,https://app.dcoz.dc.gov/Content/Search/ViewCaseReport.aspx?case_id=98-10,"Official Digital Zoning Map of July 1, 2010",R-5-B,Final,98-10,0,0,{89F1668C-7945-4285-813C-6B81EBCD7550},Ward 6
64077,Millennium Partners,https://app.dcoz.dc.gov/Content/Search/ViewCaseReport.aspx?case_id=98-1,"Official Digital Zoning Map of July 1, 2010",CR,Final,98-1,0,0,{E3AC612E-67B4-4FA1-8AAB-52C0D46BE5C8},Ward 2
64078,Fort Totten Solid Waste Handling Fac.,https://app.dcoz.dc.gov/Content/Search/ViewCaseReport.aspx?case_id=03-28,"Official Digital Zoning Map of July 1, 2010",FT/M,Final,03-28,0,0,{EE9651C9-9131-4C36-A4EC-6E5E5E957DA4},Ward 5
64079,CSX Realty Development Corp. & FF Realty,https://app.dcoz.dc.gov/Content/Search/ViewCaseReport.aspx?case_id=05-23B,"Official Digital Zoning Map of July 1, 2010",C-3-C,Final,05-23B,0,0,{8FA0FBB9-5D7E-400B-AA8A-A23E8E053A19},Ward 5
64080,Douglas Development Corp. - 6th & L NW,https://app.dcoz.dc.gov/Content/Search/ViewCaseReport.aspx?case_id=06-21B,"Official Digital Zoning Map of July 1, 2010",DD/C-2-C,Final,06-21B,0,0,{86CDA5C2-E6A2-4144-9EC7-D99A1CC905EF},Ward 6
64081,John Akridge Dev. Co. - 5220 Wisc.,https://app.dcoz.dc.gov/Content/Search/ViewCaseReport.aspx?case_id=06-31B,"Official Digital Zoning Map of July 1, 2010",C-2-B,Final,06-31B,0,0,{AB469B07-189C-427F-A7C0-EC4F28366F7C},Ward 3
64082,"Highland Park West, LLC, et al.",https://app.dcoz.dc.gov/Content/Search/ViewCaseReport.aspx?case_id=07-02C,Modification 7/11/11,C-3-A,Final,07-02C,0,0,{558ABCBC-1BC6-4CD5-87C7-C603AD3DF963},Ward 1
